lam,trA,V_gcv,V_loo
1e-06,34.09680494301443,0.12224205461064393,0.14391226994592862
1.232846739442066e-06,33.95350038405185,0.12182973110862329,0.13937033058147139
1.519911082952933e-06,33.79329965626402,0.1213862043707473,0.13621002410291203
1.873817422860383e-06,33.61468721461121,0.1209127013707525,0.13407450025449807
2.310129700083158e-06,33.41590661764746,0.12041119318037191,0.13265391778928678
2.848035868435805e-06,33.194986143957344,0.11988463814124896,0.1316974282177854
3.5111917342151275e-06,32.94981136063456,0.11933710677928468,0.1310133005918817
4.328761281083061e-06,32.678233711497114,0.11877367882903499,0.13046196914041766
5.336699231206313e-06,32.37819491570722,0.11820007255954569,0.12994616904063874
6.579332246575683e-06,32.04784424020231,0.11762207302581182,0.1294009961415821
8.111308307896873e-06,31.685630444275763,0.11704492005599108,0.12878539122360758
1e-05,31.2903603300306,0.11647284326235471,0.12807556192287134
1.2328467394420658e-05,30.86122706575214,0.11590886348875974,0.1272602708502513
1.5199110829529332e-05,30.397819224276155,0.1153548466706377,0.1263376317589581
1.873817422860383e-05,29.900123319599995,0.11481167185627812,0.1253129347627137
2.310129700083158e-05,29.36852923907096,0.1142793335336781,0.12419699220466024
2.8480358684358048e-05,28.803842208365786,0.11375686136004992,0.12300455998411414
3.511191734215127e-05,28.20729953297228,0.11324206752767116,0.12175257407211897
4.328761281083062e-05,27.58058652150571,0.11273125484099433,0.12045823009589711
5.3366992312063123e-05,26.92584378187934,0.11221908441463911,0.11913722035371803
6.579332246575683e-05,26.245657712957303,0.11169879158510218,0.11780257829507078
8.111308307896872e-05,25.54302816669721,0.11116285801557066,0.11646447189606207
0.0001,24.82131197693635,0.11060411744772736,0.11513097393861062
0.0001232846739442066,24.084146735807238,0.11001712683640401,0.113809477566566
0.0001519911082952933,23.33536312505212,0.10939952041808518,0.11250819953124147
0.0001873817422860385,22.578894318347317,0.10875302348807955,0.11123721609816142
0.00023101297000831605,21.81868777729543,0.10808385084921061,0.11000867806939607
0.0002848035868435802,21.058620532391032,0.10740233560436005,0.10883613973266805
0.0003511191734215131,20.30241650827224,0.10672179291037429,0.10773319457522267
0.0004328761281083057,19.553565030808638,0.10605678586909673,0.1067117704036429
0.0005336699231206312,18.815242828997793,0.10542109714657802,0.10578048600769047
0.0006579332246575682,18.09024573174933,0.10482579069882036,0.10494342875902042
0.0008111308307896872,17.380938661065677,0.10427774441027934,0.10419960052691857
0.001,16.689231909079112,0.10377893249055112,0.10354312081006634
0.0012328467394420659,16.016587811617796,0.1033265551654369,0.10296410294854422
0.0015199110829529348,15.364055957818774,0.10291390823337326,0.10244997647434544
0.001873817422860385,14.732329139880383,0.10253172714504466,0.10198695951284523
0.0023101297000831605,14.121808586148909,0.10216967940947111,0.10156140788449325
0.002848035868435802,13.53266700435178,0.10181771997715662,0.10116086222218341
0.003511191734215131,12.964901459525745,0.10146712935979431,0.10077473313038672
0.004328761281083062,12.418373501012503,0.10111116997194068,0.10039465781488695
0.005336699231206312,11.89283882168208,0.10074538135841238,0.10001460329055079
0.006579332246575682,11.387971010995619,0.10036757590362454,0.09963078601357413
0.008111308307896872,10.90338297704672,0.09997760429647269,0.09924145176442889
0.01,10.438646457249819,0.09957695569653739,0.09884654097202197
0.012328467394420659,9.99330696633267,0.09916825702314917,0.09844726697040802
0.01519911082952933,9.566890629919293,0.09875474148279971,0.09804565236061644
0.01873817422860383,9.158901302569875,0.09833976011560142,0.09764408509470088
0.02310129700083158,8.768810088998311,0.09792640203052037,0.09724495656190305
0.028480358684358047,8.396042768925987,0.09751726593834424,0.09685042528144931
0.03511191734215135,8.039971830768753,0.09711439293535701,0.09646231933201334
0.043287612810830614,7.6999182634578,0.0967193382950798,0.09608216053054443
0.05336699231206313,7.375164745649841,0.09633333753657732,0.09571127329784415
0.06579332246575682,7.064977991245923,0.09595751429315874,0.095350935113641
0.08111308307896872,6.768635270997603,0.09559308482477648,0.09500253254526184
0.1,6.485449345306905,0.09524153294806388,0.09466770326630228
0.12328467394420659,6.214787132573178,0.09490475372589896,0.09434846515875205
0.1519911082952933,5.956079647761341,0.09458518759203623,0.09404735311243782
0.1873817422860383,5.708823108086917,0.09428598307208984,0.09376759812520892
0.23101297000831628,5.472572860380608,0.09401123357499594,0.09351338990341218
0.2848035868435805,5.246932631978059,0.09376633363023591,0.09329026475894775
0.35111917342151344,5.031541709327913,0.09355849711939779,0.0931056590159459
0.43287612810830617,4.8260624287623335,0.09339747929012052,0.0929696683008963
0.5336699231206312,4.630170083507234,0.09329654761723576,0.09289605652348458
0.6579332246575682,4.443546790085873,0.09327375158160554,0.0929035628772354
0.8111308307896873,4.2658795414018975,0.09335354123780694,0.09301755421547536
1.0,4.096860633019818,0.09356876588678883,0.09327205042378464
1.232846739442066,3.936186953336821,0.09396302437862418,0.09371208802110374
1.5199110829529332,3.783554894178275,0.09459320445531663,0.09439624773027797
1.873817422860383,3.6386506531235545,0.09553180845097616,0.09539892347665602
2.310129700083163,3.501140327381533,0.09686831549038948,0.09681155528148437
2.848035868435805,3.3706676967672187,0.0987084452618489,0.09874166300503179
3.5111917342151346,3.2468672821380324,0.1011699340086542,0.10130827917889125
4.328761281083062,3.1293953611503627,0.104373564348677,0.10463254766591089
5.336699231206313,3.017973890057902,0.1084289614720329,0.10882308090609337
6.5793322465756825,2.9124351577278533,0.11341616499311134,0.11395721831619661
8.111308307896872,2.812751870368263,0.11936592849635676,0.12006128963404007
10.0,2.7190399790679463,0.12624336264937322,0.12709460424754915
12.32846739442066,2.6315292439786013,0.13393996615218084,0.13494220110171795
15.199110829529332,2.550506430339559,0.1422776255275382,0.14341978813163847
18.738174228603867,2.4762443209813654,0.15102501525978532,0.1522910519738918
23.10129700083163,2.408933307136799,0.1599231724450916,0.1612938640674475
28.48035868435805,2.348630225080457,0.16871443214901188,0.17016942707663418
35.111917342151344,2.295232816245869,0.1771684480773158,0.17868809563111585
43.287612810830616,2.2484806183239763,0.18510064567761975,0.18666734983391586
53.366992312063125,2.207977025611558,0.19238118401458293,0.19398017578028728
65.79332246575683,2.173224175167107,0.19893511281250456,0.20055469123695185
81.11308307896873,2.1436621925325943,0.2047360755834536,0.20636745477008084
100.0,2.1187061715186326,0.20979643497391218,0.21143335665572224
123.28467394420684,2.0977768444085925,0.21415635921251633,0.21579460856336918
151.99110829529332,2.0803232944528007,0.2178736503978827,0.21951057189897225
187.38174228603867,2.065837808176037,0.22101528817679902,0.22264935710630937
231.0129700083158,2.053863975782897,0.22365101687435196,0.22528148973487094
284.8035868435805,2.043999557191621,0.2258488855738239,0.2274755318062712
351.11917342151276,2.0358956409897995,0.2276724354642851,0.22929534152116632
432.87612810830615,2.029253421276394,0.2291791588465368,0.23079859123487154
533.6699231206302,2.0238196296860558,0.23041987031537406,0.23203618381339908
657.9332246575682,2.0193813800857714,0.23143868759117717,0.23305226646476984
811.130830789689,2.01576093267714,0.23227338797203656,0.23388461035353011
1000.0,2.0128107025626263,0.23295597090138145,0.23456518885982608
